query,position,title,link,domain,snippet,date
Mango handkerchief A-line dress Nordstrom,1,MANGO Embroidered Handkerchief Midi Dress,https://www.nordstrom.com/s/embroidered-handkerchief-midi-dress/8951654?srsltid=AfmBOoq8wBBGWRow5Dw0bCSHq3zwUpHR91mEiC944zZaPCg04q6zTQX0,www.nordstrom.com,"This breezy midi dress cut from a lightweight fabric woven with a touch of linen is accented with a beautifully embroidered eyelet scarf tied at the waist. 50"" ...",
Mango handkerchief A-line dress Nordstrom,2,Women's MANGO Dresses,https://www.nordstrom.com/browse/women/clothing/dresses?filterByBrand=mango&srsltid=AfmBOoojJA8fpsXrCtH15skHYb8pJ52wGPOgPZc_xBk6vJWtUzlNBt3T,www.nordstrom.com,MANGO Embroidered Handkerchief Midi Dress. $139.99Current Price $139.99 ... MANGO Embroidered A-Line Midi Dress. $139.99Current Price $139.99. 1 · 2 · 3 · Next.,
Mango handkerchief A-line dress Nordstrom,3,MANGO Side Ruched A-Line Midi Dress,https://www.nordstrom.com/s/side-ruched-a-line-midi-dress/8778553?srsltid=AfmBOorTdI3c21geTkXYCgHJVDv2f6SNpNqFYObYnEX4HbZqRgDBq9tU,www.nordstrom.com,Gentle side ruching brings understated dimension to this lightweight midi dress designed in a classic A-line silhouette. Back keyhole with button-and-loop ...,
Mango handkerchief A-line dress Nordstrom,4,Women's MANGO Midi Dresses,https://www.nordstrom.com/browse/women/clothing/dresses/midi?filterByBrand=mango&srsltid=AfmBOopCY5UXGET7oIGkfYkxaC0G3v2cax5XL49ohpsuKxKRB41gs3z2,www.nordstrom.com,MANGO Embroidered Handkerchief Midi Dress. $139.99Current Price $139.99 ... MANGO A-Line Midi Dress. $89.99Current Price $89.99. Sleeveless Midi Dress ...,
Mango handkerchief A-line dress Nordstrom,5,MANGO Strappy A-Line Dress,https://www.nordstrom.com/s/mango-strappy-a-line-dress/8381509?srsltid=AfmBOopMJXZ1ti6WNeO98wLa0Mnug6Wespgo0pnusbb8sLBA1omqXI5X,www.nordstrom.com,Crisscrossing straps and an A-line silhouette make this dress an effortlessly chic option for a wide range of occasions. Slips on over head; Scoop neck ...,
Mango handkerchief A-line dress Nordstrom,6,MANGO Sleeveless Ruched A-Line Dress,https://www.nordstromrack.com/s/mango-sleeveless-ruched-a-line-dress/8381417?srsltid=AfmBOooLpd_NpjIXOtWk8OESK5-GlysUuS3myZM2GuMnPnL0qmHTRkKB,www.nordstromrack.com,Artful ruching amplifies the modern sophistication of a sleeveless A-line dress that's destined to steal the scene. Hidden side zip; keyhole with button-and- ...,
Mango handkerchief A-line dress Nordstrom,7,BOHO ME Print Handkerchief Hem Maxi Dress,https://www.pinterest.com/pin/99431104327268038/,www.pinterest.com,"A handkerchief hem adds an unexpected fit to this flowy maxi dress, the perfect canvas for dressing up or dressing down. 35 1/2"" length (size 1X) V-neck ...",
Mango handkerchief A-line dress Nordstrom,8,MANGO Ruffle Hem A-Line Dress,https://www.nordstrom.com/s/mango-ruffle-hem-a-line-dress/7483790?color=MEDIUM+PURPLE&srsltid=AfmBOooDj58JL1RPDIKVdM4GncmkZ-vtIp3Ag8moKJGzKbmgHszyOHWk,www.nordstrom.com,A ruffle hem adds playful volume to a lightweight dress framed by elbow-length sleeves. Surplice V-neck; Elbow-length sleeves; Unlined; 46 ...,"Mar 6, 2024"
Mango handkerchief A-line dress Nordstrom,9,Discover the Best Dresses for Every April Occasion,https://www.vogue.com/article/dresses,www.vogue.com,Mango's handkerchief dress does all the work for you with an eyelet scarf ... Mango. handkerchief A-line dress. $140. NORDSTROM. The Silver Dress.,6 days ago
Mango polka-dot lyocell dress Nordstrom,1,MANGO Doty Polka Dot Dress,https://www.nordstrom.com/s/doty-polka-dot-dress/8951659?srsltid=AfmBOopQT0HH1kteRnjKRurWgK1CDGRmU3XGwbTJTMVHsPRnQD_TYpxq,www.nordstrom.com,"Free shipping and returns on MANGO Doty Polka Dot Dress at Nordstrom ... 80% lyocell, 20% linen; Machine wash, line dry; Imported; Item #11401109.",
Mango polka-dot lyocell dress Nordstrom,2,Polka Dot A-Line Dress - mango,https://www.nordstrom.com/s/polka-dot-a-line-dress/8982262?srsltid=AfmBOop2DAIagndFrtlmTsHsOdL7ygWrtrqEDYSmPdoAq1Hzr2sReu3D,www.nordstrom.com,Tie straps bridge the open back of this retro-chic A-line dress patterned with dainty polka dots. Ties at back; Square neck; Short sleeves; 100% viscose; Dry ...,
Mango polka-dot lyocell dress Nordstrom,3,Polka-dot lyocell dress - Women | MANGO USA,https://shop.mango.com/us/en/p/women/dresses-and-jumpsuits/dresses/polka-dot-lyocell-dress_27017154,shop.mango.com,Linen and lyocell blend fabric. A-line design. Long design. Polka dot print. Halter neck. Sleeveless. Back zipper closure. Tie closure at the back. Total look.,
Mango polka-dot lyocell dress Nordstrom,4,Women's MANGO Clothing,https://www.nordstrom.com/browse/women/clothing?filterByBrand=mango&srsltid=AfmBOoooR_8t-F3n4HE05FMBkNTdRn9LfTq1EwraxubTV9YoSckVrQus,www.nordstrom.com,MANGO Doty Polka Dot Dress. $139.99Current Price $139.99. Tinta Lace Camisole ... MANGO Lyocell Floral Embroidery Top. $79.99Current Price $79.99. Camiseta ...,
Mango polka-dot lyocell dress Nordstrom,5,The Polka Dot Dress Is Taking Over Spring 2026 ... - Vogue,https://www.vogue.com/article/best-polka-dot-dresses,www.vogue.com,Posse Bowie polka-dot midi dress. Jump to review. $460. NORDSTROM ... Mango polka-dot lyocell dress. Jump to review. $140. NORDSTROM · Image ...,"Apr 1, 2026"
Mango polka-dot lyocell dress Nordstrom,6,Women's MANGO Dresses,https://www.nordstrom.com/browse/women/clothing/dresses?filterByBrand=mango&srsltid=AfmBOop4sm-DnQ7yz8hQfRCWTgHVCmIO2WAv-e5b1x9LST7pYkSQ2IVq,www.nordstrom.com,Find a great selection of Women's MANGO Dresses at Nordstrom.com. Browse bridesmaids ... MANGO Doty Polka Dot Dress. $139.99Current Price $139.99. Asymmetric ...,
Mango polka-dot lyocell dress Nordstrom,7,MANGO Polka Dot Long Sleeve Maxi Dress,https://www.nordstrom.com/s/polka-dot-long-sleeve-maxi-dress/8320014?srsltid=AfmBOop4S3ZvivV1FOvehzC1vRsvRyv7rlRFqfYE-Qvp9yZie2ia_Reb,www.nordstrom.com,MANGO. SOLD OUT. This item is no longer available. Browse our recommendations for something similar.,
Mango polka-dot lyocell dress Nordstrom,8,"MANGO Off the Shoulder Dress in Black at Nordstrom, Size 2",https://se.pinterest.com/pin/mango-off-the-shoulder-dress--154177987483401260/,se.pinterest.com,"Glasses will raise upon your entry in this eye-catching cocktail dress fashioned in a flirty shoulder-baring silhouette. 42"" length Hidden back-zip closure ...",
Mango polka-dot lyocell dress Nordstrom,9,MANGO Polka Dot Long Sleeve Midi Dress,https://www.nordstrom.com/s/mango-polka-dot-long-sleeve-midi-dress/7696818?srsltid=AfmBOoppIOmqudZ0zXK4COqf80NwBEwPPemREiWJea_zcd3bRRwjQyRD,www.nordstrom.com,Dainty dots pepper a dreamy A-line midi dress fashioned with a deep V-neck and gently puffed sleeves. Deep V-neck; Long sleeves with elastic ...,"Mar 24, 2024"
Mango textured yarn midi skirt Nordstrom,1,Women's MANGO Midi Skirts,https://www.nordstrom.com/browse/women/clothing/skirts/midi?filterByBrand=mango&srsltid=AfmBOophsIBncBOlzA4YH7hhpsdwR0bqfPgx-h6vNEpHslYm34xoiyxF,www.nordstrom.com,MANGO Knotted Knit Midi Skirt. $69.99Current Price $69.99. Fine Knit Midi Skirt. MANGO Fine Knit Midi Skirt. $59.99Current Price $59.99. Draped Midi Skirt ...,
Mango textured yarn midi skirt Nordstrom,2,MANGO Textured Straight Midi Skirt,https://www.nordstrom.com/s/mango-textured-straight-midi-skirt/8340739?srsltid=AfmBOopYPWi4UvY8DAIipLk45rgXmot_QWNlQfIa4f9_hFyqsJuCtOs9,www.nordstrom.com,"All about the details—luxurious texture from waist to hem gives this straight midi skirt standout appeal, while a clever back vent keeps your stride just as ...",
Mango textured yarn midi skirt Nordstrom,3,Women's MANGO Skirts,https://www.nordstrom.com/browse/women/clothing/skirts?filterByBrand=mango&srsltid=AfmBOop7AtYz0sfZdNKll5j0MxrVrDrOtahI6u7OOwkBHVcZ0RNFGHHQ,www.nordstrom.com,MANGO Floral Midi Skirt. $95.99Current Price $95.99. Geometric Print Midi Skirt ... MANGO Knotted Knit Midi Skirt. $69.99Current Price $69.99. Fleck Knit Skirt ...,
Mango textured yarn midi skirt Nordstrom,4,MANGO Knit Midi Skirt,https://www.nordstromrack.com/s/mango-knit-midi-skirt-regular-plus/8592488?srsltid=AfmBOorDazAcLjTN9LDIa1yXjsHnnpvLu6y0AbJvNs61eHerbC1Rcz-R,www.nordstromrack.com,"Complete your casual look with the effortlessly chic style and versatility of this knit midi skirt. 32"" length; Pull-on style; 57% polyester, 43% viscose; Hand ...",
Mango textured yarn midi skirt Nordstrom,5,MANGO Falda Pika Check Midi Skirt,https://www.nordstrom.com/s/falda-pika-check-midi-skirt/8928395?srsltid=AfmBOope3xmbH3oTYloXCry5iG-BvOm7t4zqR2rpYn5XgG55XwmRd4Gf,www.nordstrom.com,"Details & care. Crisp checks and an asymmetrical hem style this gently pleated A-line midi skirt constructed from soft, cozy fabric.",
Mango textured yarn midi skirt Nordstrom,6,"Women's MANGO Clothing, Shoes, & Accessories",https://www.nordstrom.com/browse/women?filterByBrand=mango&page=12&srsltid=AfmBOop-Bksb3hjXbd9WMdACJRjmEpyrSqWVDNuTtuSNwQSeKID3yC7i,www.nordstrom.com,... Textured ... MANGO Print Linen Blend Faux Wrap Midi Skirt. $79.99Current Price $79.99. Only a few left. Stripe Cotton Midi Sundress. MANGO Stripe Cotton Midi ...,
Mango textured yarn midi skirt Nordstrom,7,Midi skirt with textured yarn - Women | MANGO USA,https://shop.mango.com/us/en/p/women/skirts/midi/midi-skirt-with-textured-yarn_27087795,shop.mango.com,"Straight design. Thread detail. High-rise. Midi design. Side button closing. Unlined. Selection Collection A selection of refined garments, ...",
Mango textured yarn midi skirt Nordstrom,8,MANGO Flared Midi Skirt,https://www.nordstrom.com/s/flared-midi-skirt/8895251?srsltid=AfmBOorxMq8Y4o84WzTGUr7hujGiJ-AJLjk9ERWDr0pFYv3T9iuE7P9M,www.nordstrom.com,"Love to twirl in this crisp poplin midi skirt accented with godets for a perfectly flared silhouette. 31 1/2"" length; Hidden side-zip closure; 100% cotton ...",
Mango textured yarn midi skirt Nordstrom,9,MANGO Knotted Knit Midi Skirt,https://www.nordstrom.com/s/knotted-knit-midi-skirt/8867634?srsltid=AfmBOoqkBaR3niORv7TuYEOLJif7U3fEE72MzUDumgH57KoZUpoKxu__,www.nordstrom.com,"Pull-on style · Attached waist tie · 60% viscose, 35% cotton, 5% silk · Hand wash, line dry · Imported · Item #11323150 ...",
